CÓDIGO OCORRÊNCIA;DESCRIÇÃO DEFEITO RECLAMADO
DR-01;NÃO FAZ LEITURA CARTÃO CLESS
DR-02;ADESIVO DANIFICADO
DR-03;SOLENÓIDE ARMADA DIRETO
DR-04;SOLENÓIDE NÃO ARMA
DR-05;NÃO ATUALIZA FW
DR-06;"TRAVADO EM ""NO FW"""
DR-07;"TRAVADO EM ""EXECUTANDO FW"""
DR-08;NÃO ATUALIZA SW
DR-09;ATUALIZAÇÃO SUPERVISOR
DR-10;CALIBRAÇÃO SGQ
DR-11;NÃO LIGA
DR-12;NOBREAK NÃO LIGA UPEX
DR-13;LEITORA QUEIMANDO CARTÃO
DR-14;QUEBRADO
DR-15;GPS NÃO FAZ RASTREAMENTO
DR-16;NÃO FAZ LEITURA CARTÃO COM CONTATO
DR-17;CÂMERA SEM FOCO
DR-18;REINICIANDO
DR-19;CAMPAINHA NÃO TOCA
DR-20;CAMPAINHA TOCANDO DIRETO
DR-21;RESTAURA VENDA
DR-22;NÃO COLETA LOGS
DR-23;SETOR DANIFICADO
DR-24;SOLICITAÇÃO DE SUBSTITUÍÇÃO DE EQUIPAMENTO
DR-25;NÃO TROCA DE TARIFA 
DR-26;TARJA PRETA
DR-27;TECLADO NÃO FUNCIONA
DR-28;TOUCHSCREEN NÃO ACEITA COMANDO
DR-29;TRANSFORMAR PARA DVR
DR-30;NÃO COMUNICA COM O CCIT
DR-31;NÃO COMUNICA COM A UPEX
DR-32;NÃO COMUNICA VIA WI-FI
DR-33;NÃO COMUNICA VIA CABO
DR-34;NÃO COMUNICA VIA PEN-DRIVE
DR-35;USB NÃO FUNCIONA
DR-36;HDMI NÃO FUNCIONA
DR-37;NÃO COMUNICA VIA REDE
DR-38;SUPERVISOR NÃO COMUNICA
DR-39;NÃO COMUNICA RS485
DR-40;NÃO COMUNICA RS 232
DR-41;NÃO COMUNICA GPRS
DR-42;NÃO ATUALIZA LISTA
DR-43;NÃO GERA IMAGEM
DR-44;UPEX NÃO GRAVA VIDEO
DR-45;NÃO ACEITA RESET
DR-46;NÃO ATUALIZA DATA E HORA
DR-47;NÃO CATRACA
DR-48;NÃO ACEITA CONFIGURAÇÃO DE CATRACA
DR-49;NÃO CONFIRMA ENTRADA DE MOTORISTA
DR-50;NÃO REALIZA FECHAMENTO DE LINHA
DR-51;NÃO REALIZA ABERTURA DE LINHA
DR-52;NÃO GERA ARQUIVO DE CONTINGÊNCIA
DR-53;NÃO INICIALIZA SISTEMA OPERACIONAL (SSH)
DR-54;NÃO IMPRIME
DR-55;NÃO RECONHECE CARTÃO SD CARD
DR-56;NÃO INVERTE PARA O FLUXO DE ENTRADA
DR-57;NÃO RECEBE PULSO
DR-58;NÃO RECONHECE BOTOEIRA
DR-59;NÃO RECONHECE CONNECTIONS
DR-60;NÚMERO DE SÉRIE EXTERNO DIF COM NÚMERO INTERNO
DR-61;EQUIPAMENTO DUPLICADO
DR-62;CONECTOR USB DANIFICADO
DR-63;NÃO RESTAURA APLICATIVOS
DR-64;NÃO FECHA VIAGEM
DR-65 ;SETUP PARAOU DE FUNCIONAR
DR-66;SISTEMA ANDROID SOBREPOSTO
DR-67;TRAVADO EM LOGOMARCA TACOM
DR-68;TRANSFORMAR UPEX PARA FOCA
DR-69;"""OS"" TRAVANDO AO ATUALIZAR EQUIPAMENTO"
DR-70;"APRESENTANDO MENSAGEM ""VALOR ESTENDIDO"""
DR-71;MENU INDISPONÍVEL
DR-72;"APRESENTANDO MENSAGEM ""EXCEPTION GERAL"""
DR-73 ;"APRENSENTANDO MENSAGEM ""SUPER AQUECIMENTO"""
DR-74;"APRESENTANDO MENSAGEM ""ERRO"""
DR-75;REGISTRANDO PASSAGEM PARA MAIS
DR-76;REGISTRANDO PASSAGEM PARA MENOS
DR-77;MANCAL DANIFICADO
DR-78;"APRESENTANDO MENSAGEM ""MAINTENANCE PAROU"""
DR-79;LUZ VERMELHA NÃO ACENDE
DR-80;LUZ VERMELHA ACESA DIRETO
DR-81;LUZ VERDE NÃO ACENDE
DR-82;LUZ VERDE ACESA DIRETO
DR-83;LUZ VERDE E VERMELHA ACESO DIRETO
DR-84;LIBERANDO ROLETA SEM COMANDO
DR-85;"APRESENTANDO MENSAGEM ""00 DEFAULT"" "
DR-86;BARRA ANDROID NÃO DESAPARECE
DR-87;IMAGEM DA CÂMERA APRESENTANDO MANCHA 
DR-88;CARACTERES ESTRANHOS NO VISOR
DR-89;CARCAÇA SUPERIOR QUEBRADO
DR-90 ;CARCAÇA INFERIOR QUEBRADO
DR-91;BATERIA DESCARREGADA
DR-92;EQUIPAMENTO ESQUENTANDO
DR-93;CARTÃO FOI EXTRAVIADO
DR-94;"APRESENTANDO MENSAGEM ""CARTÃO INDISPONÍVEL"""
DR-95;"APRESENTANDO MENSAGEM ""CARTÃO INEXISTENTE"""
DR-96;"APRESENTANDO MENSAGEM ""CARTÃO INVÁLIDO"""
DR-97;EQUIPAMENTO CARBONIZADO
DR-98;CARTÃO QUEIMADO
DR-99;CARTÃO TRAVADO POR ERRO DE SENHA
DR-100;CARTÃO VENCIDO
DR-101;EQUIPAMENTO DEMORANDO PARA PROCESSAR
DR-102;EQUIPAMENTO CHAVEANDO RELÉ DIRETO
DR-103;CIRCUITO DE FONTE COM RUÍDO
DR-104;"APRESENTANDO MENSAGEM ""CITCATRACA PAROU"""
DR-105;COMPONENTE INTERNO SOLTO
DR-106;CONECTOR DB25 DANIFICADO
DR-107;CONECTOR DB15 DANIFICADO
DR-108;CONECTOR DB9 DANIFICADO
DR-109;CONECTOR BNC DANIFICADO
DR-110;CONECTOR BLOCK DANIFICADO
DR-111;CONECTOR RJ11 DANIFICADO
DR-112;CONECTOR CIRCULAR DANIFICADO
DR-113;CONECTOR JACK P4 DANIFICADO
DR-114;CONECTOR SMA DANIFICADO
DR-115;CONECTOR DA CONECTIONS DANIFICADO
DR-116;NÃO FUNCIONA COOLER
DR-117;DESCONTAMINAÇÃO POS
DR-118;EQUIPAMENTO APRESENTANDO DIFERENÇA NO ACERTO
DR-119;DISPLAY SEM LUZ DE FUNDO
DR-120;"APRESENTANDO MENSAGEM ""FALHA NO PLAYSTORE"""
DR-121;CABO DANIFICADO
DR-122;EQUIPAMENTO FORMATANDO
DR-123;FUNCIONAMENTO INTERMITENTE
DR-124;FUSÍVEL DANIFICADO
DR-125;TRANSFORMAR EQUIP DE CATRACA ELETRÔNICA P/ MECÂNICA
DR-126;TRANSFORMAR EQUIP DE CATRACA MECÂNICA P/ ELETRÔNICA
DR-127;EQUIPAMENTO VIOLADO
DR-128;LEITORA DESALINHADA
DR-129;NÃO FAZ LEITURA DIGITAL
DR-130;ERRO AO PROCESSAR LOGS
DR-131;PAINEL DE MOTORISTA NÃO COMUNICA COM A UPEX
DR-132;UPEX NÃO COMUNICA COM O CCIT
DR-133;CCIT NÃO COMUNICA COM A UPEX
DR-134;NÃO INVERTE PARA O FLUXO DE SAÍDA
DR-135;IMAGEM DE MONITOR DANIFICADO
DR-136;ERRO DE COMUNICAÇÃO(COFRE)
DR-137;NÃO FAZ FILMAGEM
DR-138;SOFTWARE COM TELA INVERTIDA
DR-139;TELA QUEBRADA
DR-140;EQUIPAMENTO OXIDADO
DR-141;TELA BRANCA
DR-142;EQUIPAMENTO SEM PARAFUSO
DR-143;TELA AZUL
DR-144;FW CORROMPIDO
DR-145;ERRO HW GENÉRICO
DR-146;TRANSFORMAÇÃO EM NOVO MODELO
DR-147;EQUIPAMENTO REINCIDENTE
DR-148;TRACIONADOR DESAJUSTADO
DR-149;EMBOLANDO PAPEL
DR-150;ENGRENAGEM DO TRACIONADOR QUEBRADO.
DR-151;APRESENTANDO MENSAGEM “RECOLOQUE CARTÃO 15”
DR-152;EQUIPAMENTO PULANDO MENU DE CARTÕES
DR-153;APRESENTANDO MENSAGEM “CARTÃO BLOQUEADO”
DR-154;FALHA NA MEMÓRIA CCIT PARADO
DR-155;CONECTOR DE ÁUDIO QUEBRADO 
DR-156;LIMPEZA PREVENTIVA
DR-157;DVR DANIFICADO 
DR-158;VALIDADOR DE NOTAS NÃO RECONHECE NOTAS
DR-159;DISPLAY APAGANDO
DR-160;COFRE NÃO RECOLHE NOTAS
DR-161;TELA EMBAÇADA
DR-162;CONNECTIONS SEM FUSÍVEL
DR-163;PARAFUSO DANIFICADO
DR-164;PINO DANIFICADO
DR-165;TROCA Q5
DR-166;NÃO RECONHECE MBCCIT
DR-167;BATERIA DANIFICADA
DR-168;NÃO COMUNICA COM PAINEL
DR-169;MÓDULO NÃO RESTAURA
DR-170;TRAVANDO SISTEMA OPERACIONAL
DR-171;EQUIPAMENTO TRAVADO
DR-172;TAMBOR DANIFICADO
DR-173;FECHADURA DANIFICADA
DR-174;IMAGEM DISTORCIDA
DR-175;EQUIPAMENTO QUEBRADO
DR-176;SOFTWARE CORROMPIDO
DR-177;NÃO CALIBRA ACELERÔMETRO
DR-178;DESCONFIGURADO
DR-179;BOTÃO DE LIGA E DESLIGA DANIFICADO
DR-180;TELA APAGADA
DR-181;NÃO COMUNICA COM O ATM
DR-182;EQUIPAMENTO EM CURTO
DR-183;VERSÃO NÃO COMPATÍVEL
DR-184;ORÇAMENTO
DR-185;ERRO DE MEMÓRIA
DR-186;TRANSFORMAÇÃO PARA UPEX V3000M DVR TELEMETRIA
DR-187;TELA SOLTA
DR-188;NÃO MARCA GIRO 
DR-189;TROCA DE BATERIA
DR-190;RECALL NA PLACA ON-OFF
DR-191;TRILHAS ROMPIDAS
DR-192;CONECTOR RJ 45 DANIFICADO
DR-193;DISPLAY SEM MANCHAS
DR-194;NÃO RECOLHE CARTÃO UNITÁRIO
DR-195;NÃO DETECTA EIXO
DR-196;EQUIPAMENTO NÃO CADASTRADO
DR-197;NÃO AFERE RPM
DR-198;NÃO AFERE VELOCIDADE
DR-199;LAUDO
DR-200;UT NÃO COMUNICA COM A UPEX
DR-201;SD NÃO FIXA NO MÓDULO
DR-202;TELA ESCURA
DR-203;BATERIA INCHADA
DR-204;NÃO COMUNICA ETHERNET
DR-205;TELA MANCHADA
DR-206;NÃO GERA IP
DR-207;APRESENTANDO MENSAGEM “TIME OUT”
DR-208;ANTENA DANIFICADA
DR-209;NÃO RECONHECE CHIP
DR-210;CONECTOR COMBCOM DANIFICADO
DR-211;ERRO DE BOOT
DR-212;NÃO FORMATA
DR-213;LED AZUL PISCANDO
DR-214;DELAY
DR-215;CCIT NÃO ACEITA COMANDO
DR-216;ALERT INTERRUPTION
DR-217;NÃO CARREGA
DR-218;DISPLAY OFF LINE
DR-219;"APRESENTANDO MENSAGEM ""CMD INVÁLIDO"""
DR-220;"APRESENTANDO MENSAGEM ""CONGESTIONAMENTO"""
DR-221;PERDA DE COMUNICAÇÃO
DR-222;TELA RISCADA
DR-223;IMAGEM EM PRETO E BRANCO
DR-224;COFRE AGARRANDO NOTAS
DR-225;NÃO FUNCIONA TELEMETRIA
DR-226;IMAGEM ROSA
DR-227;RECALL CIRCUITO CATRACA (PLACA ADP)
DR-228;PROBLEMA NO HD.
DR-229;NÃO GRAVA PIC
DR-230;MODWHATCHDOG PAROU
DR-231;NÃO CONTA ENTRADA
DR-232;NÃO CONTA SAÍDA
DR-233;CITMAGE NÃO FUNCIONA
DR-234;QR CODE NÃO FUNCIONA
DR-235;DISPENSER C/ MOTOR FRACO-CARTÃO AGARRADO NO BOCAL
DR-236;DISPENSER APRESENTANDO ERRO DE ENTREGA DE CARTÃO INTERMITENTE
